Target_Sequence,Total_Frequency
ACAAGG,1
ACACCT,8
ACGAGG,22
ACTAAC,8
ACTACC,8
ACTAGA,1106
ACTAGC,17568
ACTAGG,5869
ACTAGT,552
AGGTGC,1106
CACAAC,22
CACACC,66
CACAGA,2
CACAGC,14
CACAGG,26
CACAGT,4
CCTAAC,2187
CCTAAG,20
CCTACC,554
CCTACG,4
CCTAGA,2923
CCTAGC,34792
CCTAGG,24521
CCTAGT,4042
CCTATC,4
CCTATT,2198
CGCGCC,6
GACAGG,26
GATAGC,556
GATGTG,2
GCCTGC,1
GCGAGC,4
GCTAAA,8
GCTAAC,2752
GCTAAG,1659
GCTAAT,8
GCTACA,1658
GCTACC,5509
GCTACG,2264
GCTACT,2180
GCTAGA,7722
GCTAGC,72668
GCTAGG,39382
GCTAGK,4
GCTAGS,4
GCTAGT,15842
GCTATA,20
GCTATC,3308
GCTCGC,2
GCTGTG,14
GCTMGC,2
GCTTAG,16
GGCCGC,4
GGCTGC,20
GGTAGC,5021
GGTAGG,556
GGTAGT,2
GGTGTG,34
GTTAGA,1102
GTTAGC,2223
GTTAGG,36
GTTGTG,4
TCTAGC,8947
TCTAGG,3500
TCTAGT,2755
TCTGGG,4
